"guid","pgvrepairs","pgdrepairs","repairspkm","breakrate","leakrate","failprob","numpgvrpr","numpgdrpr","numrepairs","haz_expose"
"38f200bf-3c64-4994-b4de-36044ae64c00","0.5680388874055268","","","","","","","","","yes"
"0434090a-1a3f-409d-ad48-24d6f5af68f6","0.4207868293407338","","","","","","","","","yes"
"972cd313-3101-43ac-b917-c6c6fd7987b0","1.9188858221424963","","","","","","","","","yes"
"8b868727-d59c-4e2a-84ba-c73eea4f8363","1.8934629580184226","","","","","","","","","yes"
"b04bf9c5-f788-4520-b3db-c2979415a326","1.8934629580184226","","","","","","","","","yes"
"f5b7fcda-06f2-4b46-846f-cccb8d9a02e0","1.8934629580184226","","","","","","","","","yes"
"3197d21d-2029-42de-a768-5ff2c66e6a88","1.8934629580184226","","","","","","","","","yes"
"8bc34bd7-d6cf-4c62-83e3-f70e978bdb1e","1.8934629580184226","","","","","","","","","yes"
"d3bae336-a487-4e57-a2da-68c360584c26","1.8968037697088749","","","","","","","","","yes"
"01e8b883-da02-4d67-8d6d-e49a7a9a033f","1.8934629580184226","","","","","","","","","yes"
"3e35f623-fa66-46f5-a9a1-ee2be3ee245f","1.893360601241971","","","","","","","","","yes"
"56b6ec7f-5990-4d35-8111-66b63fe242d4","1.8934629580184226","","","","","","","","","yes"
"8bfe2a4a-c649-4325-8531-5b9135d65a73","1.8934629580184226","","","","","","","","","yes"
"c911b117-4313-4f57-8574-d417ae3a1658","0.5680388874055268","","","","","","","","","yes"
"6eca9520-1d93-4036-9f69-655d57f45936","0.5680388874055268","","","","","","","","","yes"
"08699c79-e025-40fb-b5fa-270791288806","0.5496718526177018","","","","","","","","","yes"
"f47193b7-6f14-4f40-80c4-4c350f998c34","1.8934629580184226","","","","","","","","","yes"
"77ab05e7-cca1-49b8-a265-98dea69f7dc7","0.4207868293407338","","","","","","","","","yes"
"767f1eff-d4fd-4cf4-ae1b-0a8f5b819390","0.4207868293407338","","","","","","","","","yes"
"7f086564-d63f-4b95-8a72-a4582379c4d3","1.8934629580184226","","","","","","","","","yes"
"96da613f-13bb-42c6-a5b1-ec269e0f9d07","1.9188858221424963","","","","","","","","","yes"
"df66b132-d863-44e1-8ed2-0d1e31ae18da","1.9188858221424963","","","","","","","","","yes"
"73e91316-1c67-4698-8b8f-18a6c3e4d325","1.481358754548355","","","","","","","","","yes"
"6e8bb299-383b-444e-8087-f492251ca26a","1.8934629580184226","","","","","","","","","yes"
"292924fd-6f41-4228-860f-127e1f48cef4","1.888470085082635","","","","","","","","","yes"
"51d29cef-36a8-4d9a-b385-a16dfeae12e8","1.8934629580184226","","","","","","","","","yes"
"3fa1b2d8-1f3b-4450-8c97-6202253d118e","1.918201772170992","","","","","","","","","yes"
"9f4c0c59-5043-4cb1-b1dc-d3076ef6c2c8","1.9188858221424963","","","","","","","","","yes"
"2a5a861d-5ba6-4702-9faa-73b6c9dd9ed8","1.8934629580184226","","","","","","","","","yes"
"e9681913-b859-401d-96d6-0c52f6c013df","1.9188858221424963","","","","","","","","","yes"
"4ad4fe14-4671-4f2d-b6d3-14924158b69e","1.7934740604027533","","","","","","","","","yes"
"6511354f-a1a4-41f9-a857-a4d7f1f6e67f","1.8934457473729447","","","","","","","","","yes"
"4a995e69-712a-4b50-bd93-9bdabba9ff44","1.9106509622365546","","","","","","","","","yes"
"fab8f83b-2b1f-4c5e-86a0-fe42c0a8779c","1.9188858221424963","","","","","","","","","yes"
"8e42e0d7-165d-45ec-a1ff-8779de3ce489","1.8934629580184226","","","","","","","","","yes"
"297c56f7-91e5-4c3f-a5f6-2038393e1069","1.9084491432437531","","","","","","","","","yes"
"ddfcf595-74df-4b9c-a48e-84a67b753167","0.5680388874055268","","","","","","","","","yes"
"6aaacaa9-7a84-4f17-b543-6001cb0a18ca","1.8934629580184226","","","","","","","","","yes"
"2103f3ff-4a36-4522-b16e-55f31ec55fb5","1.9188858221424963","","","","","","","","","yes"
"c6f41d88-1861-4ef3-8001-cc009099883e","1.9188858221424963","","","","","","","","","yes"
"7010febc-1589-4e41-884a-1c486d734cd2","0.5680388874055268","","","","","","","","","yes"
"c11baab0-3320-4aa8-902d-594c579841a6","0.5680388874055268","","","","","","","","","yes"
"573f1183-233b-4f47-9ab8-61787dec4b86","0.5680388874055268","","","","","","","","","yes"
"d64fbb74-5d6c-4292-93e2-9c935536af14","1.9188858221424963","","","","","","","","","yes"
"6c41c618-acfe-4657-a576-0b82645e9078","1.9188858221424963","","","","","","","","","yes"
"4313f5cc-ffa7-403b-91ea-a89d9cb1a429","1.9046797817240966","","","","","","","","","yes"
"9e996194-31a7-40e8-83e5-b4136004ba31","1.9188858221424963","","","","","","","","","yes"
"80f48611-d81c-4c12-8a72-d2619dffdf7e","0.5680388874055268","","","","","","","","","yes"
"6199aa60-3359-4675-86d6-a0cbd06e0975","0.5680388874055268","","","","","","","","","yes"
"59d42581-801e-410e-9409-0f4a314b9846","0.5680388874055268","","","","","","","","","yes"
"45adbbbb-6cfd-4e5d-a944-37cd86c2c544","1.9188858221424963","","","","","","","","","yes"
"69d751ad-69a9-4092-ae6f-c851c66939bc","1.9188858221424963","","","","","","","","","yes"
"f1549851-b65e-4f7b-9081-48a8777fff1f","1.8934629580184226","","","","","","","","","yes"
"74df245f-3fef-472f-9a1d-c3971e377698","1.8934629580184226","","","","","","","","","yes"
"97e1997b-24d4-499c-bbc0-f3689bb449aa","1.8934629580184226","","","","","","","","","yes"
"2a2d7804-2a5d-4c96-95b2-e837807a17d9","1.919394765347316","","","","","","","","","yes"
"0e971cc9-6571-41ba-82fb-0dcdf52ef0e0","0.5680388874055268","","","","","","","","","yes"
"7964b511-16d5-4c9d-b584-ceca361c172d","0.5064266367131974","","","","","","","","","yes"
"8b65f43e-ebe0-4b71-bff1-32bbf6e523b3","1.8934629580184226","","","","","","","","","yes"
"2ca5a28e-f97f-4888-b0f9-b640804aa44f","1.7525113891124104","","","","","","","","","yes"
"842aaae1-e94b-4ea0-be35-783e32124324","1.5441758154787308","","","","","","","","","yes"
"f0d1d037-9fe8-47a0-904c-21ba31983106","1.8682283271199573","","","","","","","","","yes"
"a86035e9-4382-4346-87d8-8ac807832ff4","0.5680388874055268","","","","","","","","","yes"
"35e318ec-fca2-4330-976f-ec17d7a39015","0.5680388874055268","","","","","","","","","yes"
"e8ade0e5-fcdd-444f-949f-85279bd71c7d","0.5680388874055268","","","","","","","","","yes"
"973668df-2c51-4a06-bf0c-e96823d4dd4f","0.5680388874055268","","","","","","","","","yes"
"c87eb163-b020-4fdc-8bd5-32d5409cfe8a","0.5680388874055268","","","","","","","","","yes"
"19ed852b-fca9-4466-b33a-3b9b6c343395","1.9192840265513122","","","","","","","","","yes"
"8bb9d8b6-8182-4ea1-9aff-924dfbbd962e","1.9188858221424963","","","","","","","","","yes"
"dbbd62b7-a668-4460-ad7c-60cd81d251fc","1.9188858221424963","","","","","","","","","yes"
"c4ffcc1e-c798-48b0-b1a4-80e0c05fa6cf","1.9188858221424963","","","","","","","","","yes"
"1d72945d-8a02-4ba5-afa1-210716b3eae6","1.9193488265715168","","","","","","","","","yes"
"acd6f2cb-888a-4eef-b96d-31dec4783c88","1.9188858221424963","","","","","","","","","yes"
"d904ce77-2030-4d43-8715-51456da15456","1.8934629580184226","","","","","","","","","yes"
"92efeb37-db03-47e7-b2d7-f124bda73b93","1.8951569711158636","","","","","","","","","yes"
"35342ac2-4761-4519-a8db-b54792f52de6","1.4026227644691127","","","","","","","","","yes"
"56100d0f-2c17-412c-aa52-a113932d3707","1.8934629580184226","","","","","","","","","yes"
"c2339d22-5cf6-4b3a-bf9c-e3b8da4711c9","1.8934629580184226","","","","","","","","","yes"
"f0d7ab18-01c0-436c-ac29-97cd4caf2f3b","1.8934629580184226","","","","","","","","","yes"
"3f903670-8ced-488d-8137-00a186ca2543","0.4243937574911334","","","","","","","","","yes"
"878a7a29-898e-4a21-888d-14cd5c862f86","1.8934629580184226","","","","","","","","","yes"
"cffcdc52-9b98-404d-b1cd-c88c91751d06","1.9188858221424963","","","","","","","","","yes"
"c2954533-1c91-45c4-9f97-46b4b0478849","1.8934629580184226","","","","","","","","","yes"
"cd14c516-d21e-41f5-a616-b185f149ef2b","1.8934629580184226","","","","","","","","","yes"
"5875b555-c71b-4978-9f44-4de85d1b5a1f","1.893179144421129","","","","","","","","","yes"
"9fa85226-0542-4885-bf4f-72115b85ada8","1.8934629580184226","","","","","","","","","yes"
"60623c4d-e6f8-4f9a-a56e-4847fb0e2f05","1.8934629580184226","","","","","","","","","yes"
"a16bd017-b02b-4a1d-a2b4-e7a4e4ca9182","0.5680388874055268","","","","","","","","","yes"
"d581db53-6ca5-4b9a-a308-abf2f87ef71a","1.8928829769238522","","","","","","","","","yes"
"5e2eaa31-8dc2-428c-b2e0-7eaffc277fef","1.9116212657842033","","","","","","","","","yes"
"564d10f9-431a-42a9-96a4-1ae7c350ca05","1.8934629580184226","","","","","","","","","yes"
"b1efd944-978b-4247-9809-5754b0e8a874","1.8934629580184226","","","","","","","","","yes"
"29d6ddcc-dcaf-45e1-b9a9-73766e521865","1.8934629580184226","","","","","","","","","yes"
"653ecbef-fbf1-44ea-b43a-1ec918ee9b37","1.8934629580184226","","","","","","","","","yes"
"e15e9b62-41b1-47c6-9a49-05e155fcc890","1.4630276224846661","","","","","","","","","yes"
"576bb23f-bd8c-4446-8030-5c9ac00e7439","1.4026227644691127","","","","","","","","","yes"
"021c97eb-ae3d-4ff9-ac8c-91730ca0b392","1.8934629580184226","","","","","","","","","yes"
"f35217a6-ba3b-424f-9a4c-5751d80ae942","0.5680388874055268","","","","","","","","","yes"
"3f064ea8-0efb-499a-9076-5a9e23210692","1.8934629580184226","","","","","","","","","yes"
"8f29f6f8-9550-40b1-b2fd-9c81f7155bfb","1.8934629580184226","","","","","","","","","yes"
"bcbc767c-72d0-4a44-a6f7-050ef2a9a838","1.4241533722905781","","","","","","","","","yes"
"d8bd1796-eca3-4fd9-831f-67503ef0de8c","1.8934629580184226","","","","","","","","","yes"
"b296c47d-3a06-4c09-9fec-7a3061edec00","1.8934629580184226","","","","","","","","","yes"
"7404de54-ced3-416c-b5a1-b7d0ea3fec19","1.8934629580184226","","","","","","","","","yes"
"f977e4c1-b858-4862-a300-4d2929509cd1","1.4026227644691127","","","","","","","","","yes"
"3f613291-f72c-4e36-8b31-ec74942f0d34","1.9188858221424963","","","","","","","","","yes"
"87b5e9c5-9e25-406e-9821-243fe6955791","1.9194066304296162","","","","","","","","","yes"
"80764112-8533-4b94-8744-e7ce7708fe0a","1.8959962858568715","","","","","","","","","yes"
"4b222421-301e-49b1-880d-705e58422f4c","1.8934629580184226","","","","","","","","","yes"
"5090dccc-54d8-4326-9be5-eed55ece2010","0.5680388874055268","","","","","","","","","yes"
"82952873-e393-47c2-9c50-a5a56c893018","0.5680388874055268","","","","","","","","","yes"
"1eecfa5f-8500-445b-8659-caad591a402e","1.8934629580184226","","","","","","","","","yes"
"049ef139-dd11-4c39-a0bb-03e755a8f224","0.5680388874055268","","","","","","","","","yes"
"7204b497-3992-44fc-952f-1ed1c4f58814","0.5680388874055268","","","","","","","","","yes"
"34ed1276-2e52-4a0c-ba6b-eaf3d9901f65","0.5680388874055268","","","","","","","","","yes"
"f3f2fb95-cb6d-412a-b852-06636a175435","0.46334964529563855","","","","","","","","","yes"
"ff6c0a27-4de4-40fe-a492-bf9fcbc0afb2","1.9006207464088944","","","","","","","","","yes"
"389ce36c-a114-4538-ab7f-1f10599bccef","0.42731506641033534","","","","","","","","","yes"
"f481772f-7388-46d1-88d4-a1d157e92fe8","1.491046334939985","","","","","","","","","yes"
"78444bad-d961-4f9e-b5c4-8febbbfbf211","1.9188858221424963","","","","","","","","","yes"
"f85e10ad-f56c-4fb9-b570-bbe54ad9664f","1.893135970594363","","","","","","","","","yes"
"7aa96c19-40e5-451d-a6be-2b0bacfdf04d","0.5680388874055268","","","","","","","","","yes"
"dd92d128-20a2-4349-83cf-da4a376b260f","1.8934629580184226","","","","","","","","","yes"
"0fb164db-1afc-49dd-8cff-4ce94b2a1b7e","1.9188858221424963","","","","","","","","","yes"
"a96893b9-a169-47a7-bac4-6caff6054766","1.8934629580184226","","","","","","","","","yes"
"dd6fb7a8-b514-456c-9e83-d4cd07531e12","1.8934629580184226","","","","","","","","","yes"
"963b6b1d-8375-4a15-a43c-08fc4b3e91fb","0.5680388874055268","","","","","","","","","yes"
"60a35c34-699a-4c9c-b869-a8f29c832e68","1.8934629580184226","","","","","","","","","yes"
"5c4b49ec-fe15-46e1-b228-42e3076ee4c6","0.5680388874055268","","","","","","","","","yes"
"8ff10500-f24c-4eda-afff-6382e17c0347","1.8934629580184226","","","","","","","","","yes"
"51dff44e-dbb1-4cd8-bc9e-209e9f959488","1.8934629580184226","","","","","","","","","yes"
"66a59ec8-836b-4465-94b5-5d09c2bd0c07","0.5680388874055268","","","","","","","","","yes"
"f66f13cc-362a-403d-a636-93fc3124e14a","0.42772526939784394","","","","","","","","","yes"
"d40d12cb-1590-4662-92f4-9e396804f2a3","1.4952693518022404","","","","","","","","","yes"
"ac5ea54f-14bb-4010-a128-623f8122218a","1.4026227644691127","","","","","","","","","yes"
"c6526c70-fcdc-466f-86ab-88e38c700fbd","0.4207868293407338","","","","","","","","","yes"
"4a4370c4-550c-407a-837a-bfef39927711","0.5680388874055268","","","","","","","","","yes"
"aa8c4058-0e79-4424-b961-3035db241f33","1.8934629580184226","","","","","","","","","yes"
"29e9a0af-5999-400a-9f43-10c2292d5452","1.9193314856037538","","","","","","","","","yes"
"9385bc37-5697-4fde-ad28-8a4fb0543c06","1.9212081614996355","","","","","","","","","yes"
"80630ef0-7bd1-4c1e-a786-1188e45c70f1","0.5680388874055268","","","","","","","","","yes"
"eef4797f-b548-469d-9142-105dd1f1f362","0.5680388874055268","","","","","","","","","yes"
"70d85460-7541-4887-acda-aa88c3eaea1a","1.8934629580184226","","","","","","","","","yes"
"da416db6-05d1-44b9-beb3-7998be32c9ff","0.5680388874055268","","","","","","","","","yes"
"ae35762f-6ac3-4af0-8297-ecc04e728a5c","1.8927930147306784","","","","","","","","","yes"
"4e225a68-3d16-42dc-90ba-492aba6f43cf","0.5680388874055268","","","","","","","","","yes"
"7631f705-8e53-4110-8e88-3034a19222f0","1.797673391480239","","","","","","","","","yes"
"6bc74bec-df12-4de9-ba2f-a5d0328341f4","1.9166477275852927","","","","","","","","","yes"
"9d435aeb-8a42-4eb5-bd05-996de06ad82d","1.8934629580184226","","","","","","","","","yes"
"86c2c565-2e23-486e-a37e-e2afc35f60a6","1.8934629580184226","","","","","","","","","yes"
"4a58359a-edac-4d05-9f77-a6034a559eea","1.8934629580184226","","","","","","","","","yes"
"1c5a8022-4abc-4ea9-ab3f-ac57d4e4f662","0.5680388874055268","","","","","","","","","yes"
"d29ca921-8f13-481a-bc77-a93943912541","1.9188858221424963","","","","","","","","","yes"
"7138a65e-8a01-4e2e-a354-dae74ada401a","1.8975911899203435","","","","","","","","","yes"
"80363b11-10e5-4754-81e6-d3fdb6202979","1.426068149449368","","","","","","","","","yes"
"c137de8c-b0f3-4dde-b9d9-6a83d8dd996a","0.5680388874055268","","","","","","","","","yes"
"8189a46a-86e6-46ff-9e95-9aeb80786b72","1.4241533722905781","","","","","","","","","yes"
"72b34687-214b-42e2-8fd7-726cbcc7587d","0.5680388874055268","","","","","","","","","yes"
"40ab7531-7867-4e4b-aabe-29316f0d813b","1.9188858221424963","","","","","","","","","yes"
"9d81ccc5-189f-4fe1-b7fe-290a67abf5c2","1.8934629580184226","","","","","","","","","yes"
"d207208e-64d4-49fb-b12d-0371c8d8cc45","1.9190692520850365","","","","","","","","","yes"
"4b5c2335-1229-4d55-b154-2fb95e99b09a","1.8934629580184226","","","","","","","","","yes"
"7cc6c487-6647-4712-af4b-ed3106348582","0.5680388874055268","","","","","","","","","yes"
"d430f679-6a16-4975-b0f8-23a6bb9dc52c","1.8934629580184226","","","","","","","","","yes"
"87698302-c50a-4ebd-8134-185a56050471","0.5659838261420096","","","","","","","","","yes"
"596a1b2d-5ea9-421d-a587-8da9c0403452","0.4272460116871734","","","","","","","","","yes"
"3eb450fd-90fa-4641-8385-4d1babbfcd71","0.4226165542892739","","","","","","","","","yes"
"a81eb784-64c9-4cb4-b497-129fb2582cd8","1.8934629580184226","","","","","","","","","yes"
"b72fb2e0-35cc-454d-ba04-cebf7890e87d","0.5680388874055268","","","","","","","","","yes"
"12cc2df7-74c3-4ec5-bdd4-d13e4eaa2d8c","1.4026227644691127","","","","","","","","","yes"
"097325ed-627b-4846-8948-70028c2815ef","0.5680388874055268","","","","","","","","","yes"
"61bee5bc-d4fc-499e-b85c-758811da1481","0.5680388874055268","","","","","","","","","yes"
"d10f1345-c8a8-4b8b-a742-eefc65c8e5f0","1.4026227644691127","","","","","","","","","yes"
"d34a42dc-1552-4417-9542-be707ce7cb5e","1.4026227644691127","","","","","","","","","yes"
"0b794c95-bc71-4ae8-9827-8d7556e936fa","1.4026227644691127","","","","","","","","","yes"
"7da8a2bb-8153-421d-9e61-f9301303e6b1","1.8934629580184226","","","","","","","","","yes"
"c845124d-302b-48bd-8e77-0214d9cb09b0","0.46620695000660056","","","","","","","","","yes"
"94ca2676-140d-47df-abaf-4e314db931d3","1.9188858221424963","","","","","","","","","yes"
"a00b43b8-aca4-4f13-b72e-6a9ba8c67f3e","1.9188858221424963","","","","","","","","","yes"
"fce66d44-e139-4833-b3a2-f97c11d11ae7","1.8934629580184226","","","","","","","","","yes"
"7ab513f7-c2b4-40f3-9200-a5af2bbd0323","1.8934629580184226","","","","","","","","","yes"
"7ec7f3fd-585b-42bf-888c-6b4bcbe40217","1.8934629580184226","","","","","","","","","yes"
"b52ef3f9-7059-4959-8922-942decf0303d","0.5680388874055268","","","","","","","","","yes"
"129d6458-7b3b-467f-8de9-5aff94ff4eef","1.9188858221424963","","","","","","","","","yes"
"9a0fca28-cce6-4cc5-aa8d-787ad636fdb3","1.8934629580184226","","","","","","","","","yes"
"7093a9a9-d7ce-414e-a3c9-34ced89bd834","0.5680388874055268","","","","","","","","","yes"
"86fafe3f-4b57-40f2-97f3-5759b263e092","0.5680388874055268","","","","","","","","","yes"
"c50fbf08-cf1c-42bb-9a93-b2b8781c4883","0.5680388874055268","","","","","","","","","yes"
"7526f08d-e212-44df-a961-ab7fe8ffa66e","1.8934629580184226","","","","","","","","","yes"
"92f8fae4-43e0-4d5f-a6a5-58142d6ec07f","1.8934629580184226","","","","","","","","","yes"
"9daf2d96-c410-4806-ad75-070f7acf8d07","0.5680388874055268","","","","","","","","","yes"
"09f3e936-7f82-4cd3-87a6-62c61fd0c10a","0.42958276981379656","","","","","","","","","yes"
"665b4fd7-d6fe-4fb2-b45f-cb3ec3b4bc74","1.8934629580184226","","","","","","","","","yes"
"4024a6c3-e945-4a87-85f5-223a43da1f72","1.9188858221424963","","","","","","","","","yes"
"d54c5dbe-09e0-4363-91c6-6a71ce603dd1","1.4026227644691127","","","","","","","","","yes"
"c0d3e88c-21e6-4d5e-abe1-c1c71598430b","1.8929647902452802","","","","","","","","","yes"
"48a78cb4-30b6-48cc-9afd-eaec6620ed5f","1.8917453414405132","","","","","","","","","yes"
"3cd33590-b6dc-470f-bc02-56ff17393b01","1.8934629580184226","","","","","","","","","yes"
"949da2b0-4103-4e5a-b4f1-7d8bb5256e9b","1.8934629580184226","","","","","","","","","yes"
"3104e147-1c15-4fda-acd9-85d343511f4a","1.8934629580184226","","","","","","","","","yes"
"d4830849-1cc2-4c91-b029-b554a8cda9fc","1.8934629580184226","","","","","","","","","yes"
"77ced82d-f11a-49a2-a1d4-9ac7558bd924","0.4207868293407338","","","","","","","","","yes"
"d8795a0a-034f-4774-89a3-3f191a05b4cb","1.8934629580184226","","","","","","","","","yes"
"12486809-c1b3-4ce1-8b1a-e66e841e30ff","1.4026227644691127","","","","","","","","","yes"
"a29455f9-d409-40c3-a39f-5e5fd2c8c4f7","0.5680388874055268","","","","","","","","","yes"
"e1164476-992c-4a63-9e0e-e82e395509a8","1.8934629580184226","","","","","","","","","yes"
"391d5506-8a65-4760-b6a5-2db79e333029","0.4342725457486497","","","","","","","","","yes"
"c6229def-93be-4a90-9db1-91de37febeeb","0.4272460116871734","","","","","","","","","yes"
"000c41e9-aa29-41df-b504-e74bc3c47764","1.8934629580184226","","","","","","","","","yes"
"e63aa35f-7b62-4a23-9553-29fa3b6285da","0.4207868293407338","","","","","","","","","yes"
"26e51345-f972-4ac0-8ab6-d7596a5d6530","1.8934629580184226","","","","","","","","","yes"
"71a03b86-04ab-4b36-bff2-1b9c51fe2c39","0.4613509873623871","","","","","","","","","yes"
"0a299e46-cf94-4efd-8d3d-0168c5c8c957","1.423811101170902","","","","","","","","","yes"
"b34fa3dc-b032-43d7-8d33-306ad4b5cb92","1.9188858221424963","","","","","","","","","yes"
"61fd897e-9f13-48eb-8895-a3010b8679e6","0.5680388874055268","","","","","","","","","yes"
"89b2219e-212e-431d-a4b1-0df2b6c8c9b9","1.8934629580184226","","","","","","","","","yes"
"a125e397-d096-4e88-9486-ef56fdea2d49","1.6559725938896008","","","","","","","","","yes"
"314fd9e3-32f7-4a51-b9aa-30fd2085ab6b","1.8934629580184226","","","","","","","","","yes"
"e37067ce-99d2-45e8-98e3-e382bcf320da","1.8934629580184226","","","","","","","","","yes"
"3c12b686-5d61-4cf9-9f1f-5a0d3cfdbebf","1.8934629580184226","","","","","","","","","yes"
"2006765d-56e9-4e8b-8a30-49abe56db3cd","1.8934629580184226","","","","","","","","","yes"
"33ba8bac-319b-4d40-8893-7c3c894c6723","0.4270314635103288","","","","","","","","","yes"
"8f9c8f71-fcab-4e34-9bbe-06bd4433ff68","0.4413172283615899","","","","","","","","","yes"
"03d5ebf9-abdb-49cd-99b9-e9dbe4b07bb2","1.8934629580184226","","","","","","","","","yes"
"3474955a-a434-4a60-94f1-f73c0c24e431","1.8934629580184226","","","","","","","","","yes"
"3a4d4b66-6a75-4807-beb1-ae22da73a462","1.903339559288196","","","","","","","","","yes"
"b0cca3aa-e976-439f-a4f0-e6a6267d6a7d","0.4207868293407338","","","","","","","","","yes"
"d636b29e-301f-457a-8c87-4076b6bf7fe5","1.4026227644691127","","","","","","","","","yes"
"e42029bc-9a48-4c8a-8986-1e8e6f894c7f","1.4026227644691127","","","","","","","","","yes"
"a740413e-5f92-4ffe-9950-818322809757","1.8934629580184226","","","","","","","","","yes"
"570f79bb-ef66-4522-a43c-5162cdf6842b","1.4026227644691127","","","","","","","","","yes"
"7be9c2c3-0ed1-404c-a8d8-f9ff0935c633","1.4026227644691127","","","","","","","","","yes"
"75fa6157-ae11-4795-87f1-820fd5dae149","1.8934629580184226","","","","","","","","","yes"
"c1f044f1-7994-44b3-b8ad-5ccac67422b0","0.5680388874055268","","","","","","","","","yes"
"8e44b307-de7a-4bc5-82df-495382b27d1b","1.8077724047447405","","","","","","","","","yes"
"e6a2422e-66a6-4f8a-ad8f-89347da35e65","1.8934629580184226","","","","","","","","","yes"
"76f8a115-7e54-4a53-8af6-cfca406172cb","1.8934629580184226","","","","","","","","","yes"
"f3dccf61-6344-46cc-8b41-ce79cbe828f5","1.4246238119126104","","","","","","","","","yes"
"aa53b3e9-4e38-48ac-9036-055d93ead2a3","0.48567218557087827","","","","","","","","","yes"
"e6a69ff3-6fa4-4646-8269-53386529d5c6","1.4026227644691127","","","","","","","","","yes"
"d8f91874-a577-4de6-bcff-53b870087824","1.4026227644691127","","","","","","","","","yes"
"b823fd38-ea67-403c-babe-f06b5546cfdf","0.5680388874055268","","","","","","","","","yes"
"510264f5-7c8d-4299-a51d-49e7841f5c15","1.8934629580184226","","","","","","","","","yes"
"9b3ba50c-5635-4c00-960b-ebde7b656aef","0.5680388874055268","","","","","","","","","yes"
"67503c1a-b264-4759-b245-8a008e328d9f","1.8934629580184226","","","","","","","","","yes"
"57b1cb1c-9949-4cfe-ad79-82b8b0aa8083","1.4026227644691127","","","","","","","","","yes"
"e413a9b4-efb9-4200-b71b-aaf463caf3a8","1.9188858221424963","","","","","","","","","yes"
"2a668df3-dc66-4e66-946d-d258ea43d15c","1.8934629580184226","","","","","","","","","yes"
"fa75c1f2-155d-48a7-848d-0a59fc9dcf9f","1.8934629580184226","","","","","","","","","yes"
"079bc7ea-46b2-43b8-bbf0-148296c66c1c","0.5680388874055268","","","","","","","","","yes"
"7af7a9d9-9040-43ce-a876-1edf4523b37c","0.5680388874055268","","","","","","","","","yes"
"b1159af0-0b37-4d71-9cf0-e7e56783fca2","0.5680388874055268","","","","","","","","","yes"
"ba1d921d-35f7-4e32-8b06-bb88bee59e4d","1.9188858221424963","","","","","","","","","yes"
"3f2bcd99-b7b8-4613-9fd9-f3a81513ba3d","1.4026227644691127","","","","","","","","","yes"
"f52c8cf5-e751-42cd-bdc6-b5e8f71d00ee","1.8934629580184226","","","","","","","","","yes"
"c6cf3495-1a9e-4ca1-98b3-37fb499c6df9","1.9188858221424963","","","","","","","","","yes"
"0686a7d7-27c2-46bd-a0e7-00d342416423","1.8934629580184226","","","","","","","","","yes"
"a53a150b-028e-4e06-8a85-9e1c0d64be81","1.8934629580184226","","","","","","","","","yes"
"1dcf1322-80d6-4880-baa0-e42ac0387af4","1.8934629580184226","","","","","","","","","yes"
"8db484ee-ccd6-4efd-b897-75732718381e","1.8934629580184226","","","","","","","","","yes"
"1976a35c-e83b-4816-ad3d-55427210c24b","1.8934629580184226","","","","","","","","","yes"
"cab9ae27-1ee7-4417-b43e-a158959436d6","0.5680388874055268","","","","","","","","","yes"
"4f6a5cfc-00e8-4fad-aa73-a71fa6d55c1d","0.5680388874055268","","","","","","","","","yes"
"47ec2ba4-bdc8-426d-898b-ee7bc70fe1d0","1.8934629580184226","","","","","","","","","yes"
"e8353a01-3441-4e06-a020-4ec4b2ac5025","0.5680388874055268","","","","","","","","","yes"
"4a4f7ee7-3a5e-4651-8680-e5748c4df14d","1.8934629580184226","","","","","","","","","yes"
"5043aee1-d288-429e-8fc3-bc7340f9778b","1.8934629580184226","","","","","","","","","yes"
"105a9d99-dc45-439d-a381-b5e76d692f67","0.5680388874055268","","","","","","","","","yes"
"39c99704-950d-43fe-ad7e-c2863020f918","1.8934629580184226","","","","","","","","","yes"
"9a4ce714-4764-4eb4-b024-e7d7eb9b8be1","1.8934629580184226","","","","","","","","","yes"
"fbd6d920-0fc6-459f-912a-7ea618b46b64","1.4026227644691127","","","","","","","","","yes"
"3ba08a8f-15f0-4706-aa1f-9f6ccdb60a2a","0.49911523387779655","","","","","","","","","yes"
"9e075c3e-3930-4b22-aa4f-8f24a39498f7","1.4026227644691127","","","","","","","","","yes"
"a1ff22e6-1fbc-41f2-b064-8cd0c32c46b9","1.4026227644691127","","","","","","","","","yes"
"ac9a4b83-a80e-4cc7-b7be-72c7c24f3393","1.4026227644691127","","","","","","","","","yes"
"1fb75b50-81d4-437b-b73e-de455ecad58e","1.4241533722905781","","","","","","","","","yes"
"d366e65f-28ed-4da2-88f6-d00bf899648a","1.4023743536025435","","","","","","","","","yes"
"65a8439d-721f-4ba9-9bec-0f17a2fd59ca","1.8934629580184226","","","","","","","","","yes"
"bd4eeff1-7379-4015-ab54-6ecb444488c3","0.4264932306125573","","","","","","","","","yes"
"f671ffee-a3dc-43f0-9a5e-4b9345c86ace","1.8934629580184226","","","","","","","","","yes"
"4ade18c9-96c3-49e5-a900-1b482d58eea0","0.4207868293407338","","","","","","","","","yes"
"ce013c81-34d4-4727-b35c-657d98361b50","0.5680388874055268","","","","","","","","","yes"
"dbd81ea6-4af0-4a95-a4b4-6fe0877d09ae","1.8934629580184226","","","","","","","","","yes"
"99a6756b-ac43-46f4-a81d-bb693dd35331","1.8934629580184226","","","","","","","","","yes"
"ef3ff28d-ca40-4349-be97-ce157b9875b2","1.8934629580184226","","","","","","","","","yes"
"3b5bc50f-092c-4ff3-a0b6-2f0243e0d2ca","1.8934629580184226","","","","","","","","","yes"
"3119eee9-8b7e-473e-955c-a989ecd9e5d5","1.8934629580184226","","","","","","","","","yes"
"0c954a47-294a-4b94-a5bc-26b33dd9c8e7","1.9119472909195032","","","","","","","","","yes"
"085bb815-a38e-4807-9bb9-d671a421e4ce","0.5680388874055268","","","","","","","","","yes"
"45e171ae-84f0-4de1-8607-6f06c0da2896","0.4207868293407338","","","","","","","","","yes"
"b00b52dc-ee59-44ac-9c88-0a3efd9e529a","1.8934629580184226","","","","","","","","","yes"
"d4abd508-b922-4673-9fab-b3646cd9bfe8","1.8934629580184226","","","","","","","","","yes"
"dd224142-be57-48fd-9718-8a243fa6e940","0.5680388874055268","","","","","","","","","yes"
"39218acc-d6f0-48a4-bb62-904a431ffb9d","0.4208525416320788","","","","","","","","","yes"
"40853f7a-ab51-4e6f-8015-cd35e4ea6db9","0.4272460116871734","","","","","","","","","yes"
"63a66333-6009-458b-879c-3b9d639ad2a4","0.4207868293407338","","","","","","","","","yes"
"ef3f1007-7fd7-4b3d-9b13-a582ac3b4175","1.4026227644691127","","","","","","","","","yes"
"58fd6a21-2d05-4bd1-a628-9fbe7c3a6fb0","1.4026227644691127","","","","","","","","","yes"
"1f40dd7e-86c7-4e39-a875-9ce0b05ed3f5","0.4207868293407338","","","","","","","","","yes"
"545f6d6b-889e-4b5c-8eee-1aba69273337","0.4207868293407338","","","","","","","","","yes"
"aba88284-7686-4b27-8c28-236abeca560d","1.4241533722905781","","","","","","","","","yes"
"36a39728-1eb1-416c-aa0b-aaf367b3647d","1.4026227644691127","","","","","","","","","yes"
"54f386a6-1929-4bba-85ac-6856dd159b5e","1.4026227644691127","","","","","","","","","yes"
"ffea3e89-579d-45fb-a854-ce0b123688bd","0.42402645050923465","","","","","","","","","yes"
"9123b30b-e7f8-4f74-ae21-1ff63b568cfd","1.4026227644691127","","","","","","","","","yes"
"d6100030-7e93-4e1d-805c-dac51c25a63d","0.5680388874055268","","","","","","","","","yes"
"336a4d14-82b4-4283-8b8b-6ffb73eca806","1.8934629580184226","","","","","","","","","yes"
"9be2f2b1-8763-4e59-8a83-64c8e60ded8c","0.5680388874055268","","","","","","","","","yes"
"9909b443-ab34-46d9-80ba-c5013cfd7e0a","0.5680388874055268","","","","","","","","","yes"
"b445104e-9adf-4922-afc0-5db087f2d103","1.4026227644691127","","","","","","","","","yes"
"6496e001-2256-4758-b1fc-2ac182647e83","1.4026227644691127","","","","","","","","","yes"
"c104b36d-8d89-40cc-8e30-cd8a5415cb01","0.4207868293407338","","","","","","","","","yes"
"ad5ee533-801b-49a3-8d74-8d1b50b027fd","1.4026227644691127","","","","","","","","","yes"
"9f5a4d42-d1de-40b9-8bf7-05501a0f56c9","1.4026227644691127","","","","","","","","","yes"
"4cedee21-0567-461e-a71a-b43854633fdc","1.4026227644691127","","","","","","","","","yes"
"f6f9be14-2425-4caf-a35b-b6260d0ad273","1.8934629580184226","","","","","","","","","yes"
"6344c768-7899-4ba8-a739-5d3300389e30","1.4026227644691127","","","","","","","","","yes"
"8701e607-1061-41cd-9d82-627600b57117","1.8934629580184226","","","","","","","","","yes"
"10971497-2f3c-4420-867e-d2648eb1d32e","1.8934629580184226","","","","","","","","","yes"
"368f8fca-449f-4da5-bd67-20a1d002bc36","1.8934629580184226","","","","","","","","","yes"
"43ea3ed7-12d9-4bd9-9bea-df21d99c9f6e","1.8934629580184226","","","","","","","","","yes"
"30dc9f27-f5ce-4340-8a40-b3c1e85aa271","1.8934629580184226","","","","","","","","","yes"
"6aeb8b94-e850-484e-8ee3-c0f1c2c138a9","1.4024080869779023","","","","","","","","","yes"
"b66d8952-89d0-4b31-931a-d374a9a14f81","0.4431228247374245","","","","","","","","","yes"
"e1eb87ed-7e74-495a-85c5-e8f63c780601","1.8934629580184226","","","","","","","","","yes"
"2b9eff31-2b4e-4e46-9650-3af16e566263","1.8934629580184226","","","","","","","","","yes"
"65346213-6f52-4bad-979d-6cd94bc18814","1.8811422189388494","","","","","","","","","yes"
"b7bac640-1475-4c68-8cf1-19e82eaba817","0.5680388874055268","","","","","","","","","yes"
"9b17803c-21ad-45df-811d-7b60d9fe0bf5","1.8934629580184226","","","","","","","","","yes"
"f3a10986-02b1-4f76-8c67-f1b572b2f0cd","1.8934629580184226","","","","","","","","","yes"
"cf4b6e38-0817-4712-9558-b8c3f6651062","1.8934629580184226","","","","","","","","","yes"
"af8a91d5-6dcb-4c70-832d-cad664130897","1.8934629580184226","","","","","","","","","yes"
"3a1c13f8-1166-4244-bf3f-1eb74c862fb8","0.5680388874055268","","","","","","","","","yes"
"5dffa2a0-5e65-4930-be83-88014fe78eb8","1.8934629580184226","","","","","","","","","yes"
"aec240a6-c554-4f86-a1b5-5d55b6d8e381","1.8934629580184226","","","","","","","","","yes"
"b88c0b85-d65c-416e-81eb-4db4c519bd05","1.8934629580184226","","","","","","","","","yes"
"27fe3d44-d6bb-491f-bfbc-e62aaef9c40c","1.8934629580184226","","","","","","","","","yes"
"38271ecc-52a9-4383-9fbe-3277681133d0","1.8934629580184226","","","","","","","","","yes"
"3491c7e4-7ff5-4e93-910a-8e6fef0e737f","1.8934629580184226","","","","","","","","","yes"
"e90399ae-f3f0-4ff4-a298-8835889cfc57","0.5680388874055268","","","","","","","","","yes"
"d0c1fad8-b23b-421e-babf-9dbd05a3cf83","0.4355749250801539","","","","","","","","","yes"
"1e3acdb4-ac72-4d5a-abc1-c85a8792579b","1.8934629580184226","","","","","","","","","yes"
"1bc53a8d-24b9-4103-8be9-be5d1e8f7945","1.8934629580184226","","","","","","","","","yes"
"70d55ae8-2bfd-4bb7-9320-37367aea7916","1.8934629580184226","","","","","","","","","yes"
"2da80146-e8f4-480d-a64b-0aa125e7a547","0.4252455814250841","","","","","","","","","yes"
"6ad36f07-35cf-48ab-8efc-a7cbf43e990d","1.8934629580184226","","","","","","","","","yes"
"ede63c29-b6dd-40c8-b2f5-1a812ae6fb9a","1.8934629580184226","","","","","","","","","yes"
"25f0ce78-f2a5-4046-a423-5b7984e73ff4","0.537796851640517","","","","","","","","","yes"
"df04a9be-8adb-4e94-9cf1-f151e40dcb94","1.4026227644691127","","","","","","","","","yes"
"a59f4ad0-c769-4a43-9cc2-0d9c2668061c","1.8934629580184226","","","","","","","","","yes"
"b23d493b-1a6e-4441-b38b-3007f00d28be","1.8934629580184226","","","","","","","","","yes"
"bfef5823-98df-456b-8629-7d9496935282","1.8934629580184226","","","","","","","","","yes"
"b65b4d8e-36c4-4b25-be29-ba54cfb89855","1.8934629580184226","","","","","","","","","yes"
"dfe310b3-3f65-4524-84dd-88f056736b26","1.8934629580184226","","","","","","","","","yes"
"7a67cbf1-e841-46a5-853a-c45b1cb32cff","1.8934629580184226","","","","","","","","","yes"
"1784a28c-53ea-4b7b-8112-707e69c32072","1.8934629580184226","","","","","","","","","yes"
"a7a0824f-2af9-4e49-9819-7dbad9471c34","0.5680388874055268","","","","","","","","","yes"
"efba6147-fb0b-4adf-b722-430e54f8b4b5","0.4207868293407338","","","","","","","","","yes"
"bac82c6e-b636-4d3c-b527-bf0a3df0cbec","1.8934629580184226","","","","","","","","","yes"
"195f1b9e-b281-400a-a162-c4d7cafac363","1.8934629580184226","","","","","","","","","yes"
"2be3643d-a0e7-4005-b6ae-597967994012","0.42272377992475596","","","","","","","","","yes"
"1ae7c6e1-01ab-4ca4-8b34-1a31d088ba75","1.4275484004966625","","","","","","","","","yes"
"636ec319-c044-4599-bc85-7fa1b2229497","0.5680388874055268","","","","","","","","","yes"
"0ead5bb9-30de-4538-9516-57557c41befd","1.8934629580184226","","","","","","","","","yes"
"235840e0-d220-4142-9ba6-9d426e905cc3","1.8934629580184226","","","","","","","","","yes"
"a70996ae-b0d8-469e-89d1-6d6c07f631a2","1.8934629580184226","","","","","","","","","yes"
"39e297c3-7e56-4a5d-859e-96ea5f383404","0.5767587511626032","","","","","","","","","yes"
"55631d42-7b16-4fff-8180-91962a264349","0.4261913208214232","","","","","","","","","yes"
"102eca3c-4c38-442b-b6fb-b7e3b95cd0b5","0.4692849824335363","","","","","","","","","yes"
"bc5dc668-75c3-4b85-bf0f-20d2869ea3fa","1.8934629580184226","","","","","","","","","yes"
"8efdd42c-bc0c-4b06-b72f-b264cfe7014a","1.8934629580184226","","","","","","","","","yes"
"342fdb26-4a97-4ae9-b171-66395fd609e9","0.5680388874055268","","","","","","","","","yes"
"47fa9092-4055-4750-a1a4-bb5c537636ec","1.8934629580184226","","","","","","","","","yes"
"fcc31d79-0dd4-4cfe-9765-c27d86d6eaaa","0.5057422521905461","","","","","","","","","yes"
"a9836e63-0cdb-40a8-8460-fddbb27f2308","0.5662270321624929","","","","","","","","","yes"
"622a271b-b1cd-4259-9033-3d969abaca8f","0.4272460116871734","","","","","","","","","yes"
"2c59b68c-e732-448e-b8e2-32bc0848e8b5","1.8934629580184226","","","","","","","","","yes"
"c5e28316-80b3-4925-9f1a-52b66bd51172","1.8934629580184226","","","","","","","","","yes"
"834f3a9f-808c-4725-9481-8a5c03a0987d","0.5680388874055268","","","","","","","","","yes"
"87394b25-2573-4dcd-baf2-12dd7a84d930","1.8934629580184226","","","","","","","","","yes"
"21d3fe66-3d92-47b3-978d-98a1c70d93c6","0.565989882984181","","","","","","","","","yes"
"bcc5201b-fa75-49b3-9837-3994ccc492c0","0.4987454794838239","","","","","","","","","yes"
"78a17c70-fa6b-41e4-97ec-5cd4275085e4","1.8934629580184226","","","","","","","","","yes"
"a6a457d0-d492-4618-9161-9b1fc85b59f9","1.8934629580184226","","","","","","","","","yes"
"13030c73-c96b-4ddb-afa4-4adc4d578f38","1.8934629580184226","","","","","","","","","yes"
"3c6272c0-b13e-4d7f-b097-e1a4670016a3","1.4026227644691127","","","","","","","","","yes"
"5b6d1e28-9f6d-42cf-83e2-72d797e54040","1.4241533722905781","","","","","","","","","yes"
"d1bd7604-7eb8-4458-8fe8-c38c2d5dfbbf","1.8934629580184226","","","","","","","","","yes"
"8aaea6bb-484c-49db-a053-b226506f2796","1.8934629580184226","","","","","","","","","yes"
"0312a360-1330-4877-b985-2575042d4b03","1.8934629580184226","","","","","","","","","yes"
"f5e55d11-bdb5-4caa-b4ef-57623ed5a4b9","0.5680388874055268","","","","","","","","","yes"
"09c4973f-bf51-48be-85a1-580ea78631d2","1.8934629580184226","","","","","","","","","yes"
"5507745b-d0e3-4762-a011-7da8bbbc00c1","0.4272460116871734","","","","","","","","","yes"
"a1d05537-13c0-4409-8535-4dc094ca59db","0.4272460116871734","","","","","","","","","yes"
"4a0e867e-515a-411d-ace3-efd3edef70aa","0.4272460116871734","","","","","","","","","yes"
"beba1c57-06ba-4eb3-b788-9119a1d9ea01","0.4272460116871734","","","","","","","","","yes"
"42eeaad1-2b90-4e26-80af-69f152b814a1","0.4272460116871734","","","","","","","","","yes"
"18d1b637-2b88-4769-91f6-704410498caf","0.4272460116871734","","","","","","","","","yes"
"cfff2cf7-c0ad-4a07-811c-4c69f4cbd689","0.4272460116871734","","","","","","","","","yes"
"dbf7ec0d-0abd-46bf-8f9c-996f6093c342","0.4272460116871734","","","","","","","","","yes"
"afe844bf-6b8c-494d-b8cf-80689f321aa9","0.4272460116871734","","","","","","","","","yes"
"c0908b80-61c0-4bda-8d89-91285f5f12a5","0.4272460116871734","","","","","","","","","yes"
"7f502c73-f0b9-4a1c-9c00-f76fb9d56ef1","0.4272460116871734","","","","","","","","","yes"
"9e0057c9-fc3e-4936-9667-9d540f54747f","0.4272460116871734","","","","","","","","","yes"
"ae96d76b-7524-4372-a5be-0dcc196cd870","0.4272460116871734","","","","","","","","","yes"
"6115ad4a-bb58-445b-ba74-3f2a87b929fd","0.4272460116871734","","","","","","","","","yes"
"fd9f6e0c-2580-4e3a-a6ff-09de43912ef7","0.5279712154975102","","","","","","","","","yes"
"6beea985-9f14-43a9-9496-491360106a00","0.0","","","","","","","","","no"
"a62aa946-c8a7-4530-bc9a-4327dff21823","0.5680388874055268","","","","","","","","","yes"
"9668cb11-a305-4bfa-a685-c4120517c783","0.5680388874055268","","","","","","","","","yes"
"8e3f265a-5b36-4722-bbdc-9cab64d743ca","1.8934629580184226","","","","","","","","","yes"
"05a96193-ed76-4dac-a2bd-18d3b3cc215f","1.8934629580184226","","","","","","","","","yes"
"8abf9b18-f663-4d49-8da7-f95f67035867","1.8934629580184226","","","","","","","","","yes"
"88e5f152-2433-45a5-bff8-44fa6667749c","1.8934629580184226","","","","","","","","","yes"
"d0e04705-8df3-4cf0-9ed6-492cd4eba123","1.8934629580184226","","","","","","","","","yes"
"0dfecbc9-5ad6-4b33-8eb9-d11ac60f5b1a","1.8934629580184226","","","","","","","","","yes"
"baef1f11-f30d-4ab3-b51c-aee29703fc3b","1.8934629580184226","","","","","","","","","yes"
"720eeb40-95fa-4780-9778-ba2b1cebc4bc","0.5680388874055268","","","","","","","","","yes"
"60de5507-ff54-4ec0-b517-d063f53e5277","0.5680388874055268","","","","","","","","","yes"
"58140d50-d4e6-4d1b-9712-5fe23d34dc79","0.5680388874055268","","","","","","","","","yes"
"71131cfd-122e-45e1-96bc-7aff12ae40e7","1.8934629580184226","","","","","","","","","yes"
"f56a167a-f6af-4bab-8a1f-4a6df487acaa","1.8934629580184226","","","","","","","","","yes"
"26628721-66ca-4f35-acb4-00dc5ae5ffaa","1.9004325496123948","","","","","","","","","yes"
"03d2e7cb-bf6b-46f9-91fe-57355559c911","0.4272460116871734","","","","","","","","","yes"
"0c3d8011-fa03-430b-a2b9-9d606e679db1","0.5680388874055268","","","","","","","","","yes"
"f21121d2-d297-42ca-ba86-15199b174209","1.8934629580184226","","","","","","","","","yes"
"e3b5c355-586c-43de-b3cc-c558be9c0e68","0.4207868293407338","","","","","","","","","yes"
"fdca26c1-c7c2-4c43-a653-22427ebd330d","1.8934629580184226","","","","","","","","","yes"
"5603f58d-7f02-4062-81cc-f90e4eb5b85f","0.4207868293407338","","","","","","","","","yes"
"8b4404d9-7de9-4e84-a7c1-b0665ac33709","0.5680388874055268","","","","","","","","","yes"
"cfccde3e-0240-42d6-8d1c-b22fa68b2d38","1.8934629580184226","","","","","","","","","yes"
"185e8c4f-103f-47b7-86ff-8d39d62366c9","1.8934629580184226","","","","","","","","","yes"
"c9d7ca39-4837-4ff2-942c-5b8f9495d9eb","1.8934629580184226","","","","","","","","","yes"
"c2ad265f-de20-4b8e-902b-f3f8cbc1804e","1.8934629580184226","","","","","","","","","yes"
"e2bd4f81-af10-4ced-8e24-aac1c9b4ab9c","1.8934629580184226","","","","","","","","","yes"
"532a47b7-1d79-40a5-8633-c24c55781429","1.8934629580184226","","","","","","","","","yes"
"618639e1-e03e-4426-be54-f6811a7f2f41","0.5680388874055268","","","","","","","","","yes"
"f02bedf1-6472-44d2-a75e-be7d55981d12","0.5680388874055268","","","","","","","","","yes"
"7cbca550-b4ce-404f-8af4-02eae550fec7","1.8934629580184226","","","","","","","","","yes"
"776f0d77-9ce8-484f-9be1-474f96041c31","1.8934629580184226","","","","","","","","","yes"
"802a6c55-98fe-40ab-8fa9-562ca5e12e3a","1.8934629580184226","","","","","","","","","yes"
"0b8f5807-c4ac-44ce-b572-9d7a145e3ccb","1.8934629580184226","","","","","","","","","yes"
"c1870924-7905-43aa-9396-4ca4aea189ff","1.8934629580184226","","","","","","","","","yes"
"2a490c11-e8c8-4947-a7b6-ee580351ec39","0.5680388874055268","","","","","","","","","yes"
"1482b5a2-efb6-4dee-9d0a-12b355a24ee1","1.8934629580184226","","","","","","","","","yes"
"03ce4d21-fa96-4530-9aae-ab6992166937","0.5731351139908302","","","","","","","","","yes"
"9ccc9e6f-8c25-49ae-a4ab-3999ae68a1c4","1.8934629580184226","","","","","","","","","yes"
"290a2141-f4bb-4930-a1a8-2d735e1c03fd","1.8934629580184226","","","","","","","","","yes"
"3ba77f3b-c8cd-47fa-9780-31e61853e3db","1.8934629580184226","","","","","","","","","yes"
"e91f29c6-2dde-45cb-ad32-b86733c5256e","1.8934629580184226","","","","","","","","","yes"
"6fdc89bb-3f97-4e49-8650-00fac51640e6","0.5680388874055268","","","","","","","","","yes"
"fe59f464-3b83-4441-aec9-c9707e54f4d4","1.8934629580184226","","","","","","","","","yes"
"765ca69a-8636-48a2-8fc9-f728b88ebcc2","0.5680388874055268","","","","","","","","","yes"
"e36ef5eb-ec41-4161-b0c3-bd73c073fce0","0.5680388874055268","","","","","","","","","yes"
"0cf46177-f900-4f77-9005-cf2e055ef7f2","0.4207868293407338","","","","","","","","","yes"
"8eb4ceee-b977-452c-8194-90190853f07f","1.8934629580184226","","","","","","","","","yes"
"d90f2ef6-5c04-4244-bd85-fb0d3cdcbc84","0.0","","","","","","","","","no"
"30d91eb5-1c11-4cd3-b6de-f7feb4902fdc","0.0","","","","","","","","","no"
"a4f8dd0a-f2c0-4f69-bf40-3b4f9cd826b2","0.0","","","","","","","","","no"
"446a71aa-5f10-4bad-b104-ebc1b8e61fd1","0.0","","","","","","","","","no"
"9f9a35a9-50d4-4724-8708-2085949dd0db","0.0","","","","","","","","","no"
"d0aa8bb0-9c04-47de-8651-b090613a1864","0.0","","","","","","","","","no"
"66b50e27-fd0e-462e-8fa0-0638ed1facef","0.5680388874055268","","","","","","","","","yes"
"3fc7e7d9-5239-4d5d-bc72-c17f2b39d596","0.5680388874055268","","","","","","","","","yes"
"6501d7b9-76f8-4884-9345-bc4d60b07bb7","1.8934629580184226","","","","","","","","","yes"
"e74071bb-9fbc-49bb-a497-521ed66e6c12","0.4880235790669966","","","","","","","","","yes"
"b54b4ec5-cacc-4c80-bd7a-44e0090b719a","1.8934629580184226","","","","","","","","","yes"
"47a2ea22-2a93-4407-93ed-c7cb24020e81","0.5680388874055268","","","","","","","","","yes"
"4b197af6-7e28-4c27-840a-57270bf89d62","0.5017886907538605","","","","","","","","","yes"
"518d409c-e9af-4b7d-b409-1cc01c7f5e17","1.8157923595449663","","","","","","","","","yes"
"decafa2c-093d-4488-a9b7-cdb75abf2d2c","1.8441413963074713","","","","","","","","","yes"
"d6b1559a-f9ea-4c37-a00b-81fa270c9d11","0.5680388874055268","","","","","","","","","yes"
"aea73805-35c7-4a75-bf07-da9803c25612","1.8934629580184226","","","","","","","","","yes"
"94634d80-6a24-4fa3-8c06-3c14e896f4f9","0.5680388874055268","","","","","","","","","yes"
"694bdf2b-120f-44ce-9d90-1b3893e7a712","0.5680388874055268","","","","","","","","","yes"
"a4a4ef80-5aac-4ec1-b070-0dfdb1b37acf","0.5680388874055268","","","","","","","","","yes"
"e905d3ed-7046-4f65-8853-67cbc045d024","0.5680388874055268","","","","","","","","","yes"
"70df4a05-a278-4d49-8830-4f30393f2d05","0.5680388874055268","","","","","","","","","yes"
"c8dc2997-0a02-4f45-a8c2-0644223773cd","1.8934629580184226","","","","","","","","","yes"
"3552e32e-5dcb-46dd-876d-0934c37f8fdd","0.5680388874055268","","","","","","","","","yes"
"9eaaeecd-8c21-466f-a592-66df899e71e3","1.8934629580184226","","","","","","","","","yes"
"9395ffef-205e-4e55-a128-3d945a870e15","0.5680388874055268","","","","","","","","","yes"
"a2b0f703-88c2-40bd-a6af-6fbab2db2b0f","0.5680388874055268","","","","","","","","","yes"
"34675ae7-e029-4d43-ba04-b228be76259f","1.8682283271199573","","","","","","","","","yes"
"23226b71-6bc3-4eba-a9f9-31526b7d0e73","0.5680388874055268","","","","","","","","","yes"
"d45435a9-3349-4d72-8b88-aaf4ba029ae5","1.8934629580184226","","","","","","","","","yes"
"75553f73-0543-4d9a-a12c-fbff5b0012ef","0.5680388874055268","","","","","","","","","yes"
"ad696698-ece0-454e-b018-65c9ae1122c5","0.5680388874055268","","","","","","","","","yes"
"1528e576-b938-4a33-b12f-9fa54ad22a8c","0.5680388874055268","","","","","","","","","yes"
"83c320d5-120c-4306-81b0-eef05961a969","1.8934629580184226","","","","","","","","","yes"
"267a2a15-748d-40eb-b328-ad414e2808bd","0.5680388874055268","","","","","","","","","yes"
"e9e273c2-7189-4eba-bdc3-2da9a20d78d6","0.5680388874055268","","","","","","","","","yes"
"59474c2f-d2ec-4eae-b74a-fbd30812e2f3","0.5676982630799519","","","","","","","","","yes"
"4615a92a-a3e3-4f5f-8f06-39d80a0800ac","0.0","","","","","","","","","no"
"aa23eccc-1c97-4234-b3e9-be47e3cf0b5c","0.5680388874055268","","","","","","","","","yes"
"ee65cbcd-98ad-42d4-a75f-77ffffad39b0","0.5680388874055268","","","","","","","","","yes"
"13be0eee-97ce-4ea2-8be7-327e06545c9d","0.5680388874055268","","","","","","","","","yes"
"262107ac-e684-472f-8f0a-a50fc44d87eb","0.5680388874055268","","","","","","","","","yes"
"ac9b793a-9dc3-47e1-b28a-7efeb317a057","0.5680388874055268","","","","","","","","","yes"
"667a3ac0-9e47-49b4-aa4f-2465b9d70d39","0.5680388874055268","","","","","","","","","yes"
"a1f5cabc-152e-4043-9ef3-a34b6fec4f63","0.5680388874055268","","","","","","","","","yes"
"81318e74-9069-431d-887c-96999f00f228","0.5680388874055268","","","","","","","","","yes"
"e5011cb9-4821-4756-b15a-0c250d492aab","1.8934629580184226","","","","","","","","","yes"
"4975e261-f7ff-4e10-a6ac-645f65439549","0.5680388874055268","","","","","","","","","yes"
"b31fba86-8853-4a5b-b892-47d57a70cafa","1.8934629580184226","","","","","","","","","yes"
"8f009703-3650-4241-a65a-6bf41b1313be","0.5680388874055268","","","","","","","","","yes"
"99caf4c2-ece9-4c35-a573-f1f3d87de120","0.5680388874055268","","","","","","","","","yes"
"f27bbd80-81b4-489a-8c3a-165b878e095d","1.8934629580184226","","","","","","","","","yes"
"6d0bd8ab-c172-4112-8412-3c1429a2f784","1.8958177102454492","","","","","","","","","yes"
"a1f80262-2502-4abf-acfe-70f33b917a56","0.5680388874055268","","","","","","","","","yes"
"7c6c3a41-fca0-4ac6-84bd-762fac7cb6e0","1.8934629580184226","","","","","","","","","yes"
"010d3e15-1791-429b-92e4-c5ac4934ca6e","1.8934629580184226","","","","","","","","","yes"
"5dd92d4b-ee07-49db-bdac-a3b3cc1622c2","0.5680388874055268","","","","","","","","","yes"
"7ff5dc51-cca3-4826-bd09-25a033313f73","1.8934629580184226","","","","","","","","","yes"
"6fe0f821-c6d0-400e-ab00-deed213c8606","0.0","","","","","","","","","no"
"58cdfc6c-4233-4b19-86c2-9646dd6e4b78","1.8934629580184226","","","","","","","","","yes"
"81a8ad0c-cf44-4448-b078-311d7c412061","0.5680388874055268","","","","","","","","","yes"
"43b2523a-da0e-4b02-a3a3-593bf284b533","0.5680388874055268","","","","","","","","","yes"
"1c0faecd-b5fb-4baf-8018-de4c1c82a612","0.5680388874055268","","","","","","","","","yes"
"883ac2ab-9d3b-448f-9e19-5b397ca1a8e8","0.5680388874055268","","","","","","","","","yes"
"b58658d5-9ec0-496a-82ac-b91dacc34bef","1.8934629580184226","","","","","","","","","yes"
"bfb3c76b-faee-4d35-9583-b6b486176f8f","0.5680388874055268","","","","","","","","","yes"
"31820f77-9add-47df-81b4-10bdfcac93d1","0.4272460116871734","","","","","","","","","yes"
"3d014885-8424-4ce3-be71-9c88557417fd","0.4337599048263708","","","","","","","","","yes"
"87a53cad-b0b9-4632-af1d-9be7fdfc6e9d","0.5680388874055268","","","","","","","","","yes"
"0c518fd5-4de8-48e2-9963-1c96b2efdc2a","0.5680388874055268","","","","","","","","","yes"
"7f9bc4b3-da0a-4806-9939-9cfe1f11f0c6","0.5680388874055268","","","","","","","","","yes"
"4798bfc2-101f-4856-9ed4-55fc8144a36d","0.5680388874055268","","","","","","","","","yes"
"a54bde0e-6440-404a-909b-0087aa96a368","0.5680388874055268","","","","","","","","","yes"
"b4cc93a6-ffdb-407a-a418-dd7d464e6139","1.4026227644691127","","","","","","","","","yes"
"4db224f4-87dc-4fa1-a9f2-3a930557f5e1","1.4026227644691127","","","","","","","","","yes"
"2f9e3635-8ff7-4037-b1d5-78736d3bb624","1.8934629580184226","","","","","","","","","yes"
